address,token
0xbFC0A0d8C050DbDEf3353826b538a3b5E10F83a1,12.233425423334352524534
0xe878886e66F87F6249F541dBfe6dDD021c41e76d,1.2353453463
